Utility,Pages,Total Tests,Failed,Warning,Passed,User Verify,Not Applicable
AK2224646,9,45,219,19,15,4,19
AK2310900,9,45,18,595,9,4,23
AL0000103,8,45,581,14,8,2,24
AL0000482,4,45,1005,9,14,4,19
AL0001265,6,45,209,13,7,4,29
AR0000101,3,45,443,6,10,3,25
AR0000185,4,45,801,8,10,3,25
AR0000349,2,45,39,4,8,4,27
AR0000512,3,45,372,5,10,3,25
AR0000579,3,45,7,4,1,2,36
AR0000688,3,45,7,5,14,3,21
AR0000697,3,45,1022,6,10,3,25
AR0000722,2,45,232,3,10,3,25
AR0000735,3,45,473,5,10,3,25
AR0000844,3,45,395,5,10,3,25
AZ0402004,2,45,341,9,14,4,19
AZ0407056,11,45,149,15,14,5,18
AZ0407070,2,45,144,17,13,27,21
CA0110006,8,45,631,17,14,3,19
CA0910013,6,45,242,3,14,3,19
CA1010021,10,45,150,31,13,4,21
CA1510020,5,45,215,164,12,3,19
CA1910017,14,45,41,15,2,3,35
CA1910030,8,45,37,641,8,3,26
CA1910194,16,45,293,21,10,13,22
CA2410005,10,45,112,24,13,4,20
CA3110026,5,45,454,359,7,3,24
CA3210006,3,45,7,4,1,2,36
CA3410008,2,45,94,4,11,3,25
CA3410013,17,45,656,26,13,15,17
CA3410031,17,45,596,26,13,9,17
CA4010002,6,45,351,289,12,3,19
CA4210020,8,45,737,17,14,7,18
CA5410016,17,45,417,1311,12,4,16
CA5610008,6,45,10,7,1,3,36
CO0121455,6,45,402,12,14,4,19
CO0130105,2,45,24,4,12,16,21
CO0135291,5,45,189,577,10,4,19
CT0473011,14,45,122,20,15,3,19
CT0590011,12,45,707,16,14,61,17
DC0000002,25,45,292,880,7,3,24
DE0000557,3,45,231,88,7,5,24
FL2020204,4,45,123,8,15,3,20
FL3350346,4,45,389,9,14,5,19
FL3494428,3,45,37,4,13,3,20
FL3590205,2,45,382,4,15,2,19
FL3594107,37,45,850,45,14,117,13
FL4060573,8,45,279,216,12,3,19
FL4134365,2,45,1601,77,3,3,31
FL6421144,2,45,14,1,12,4,26
FL6424630,2,45,13,2,12,4,26
FL6510424,2,45,232,3,13,9,19
FL6535055,4,45,44,7,12,15,21
FL6604862,2,45,12,826,14,18,20
GA0090000,4,45,8,5,1,2,36
GA0390001,4,45,13,9,12,4,22
GA0510229,9,45,268,12,10,4,23
GA0810001,6,45,177,12,14,4,21
GA1050001,4,45,43,9,3,4,31
GA1370002,3,45,153,9,8,4,24
GA1510000,5,45,2,5,1,68,36
GA1850016,7,45,11,8,1,3,36
GA2150000,16,45,252,22,15,4,18
GA2410118,5,45,9,6,1,2,36
IA3070078,2,45,44,3,7,3,30
IA3405012,2,45,17,3,14,4,22
IA6469042,2,45,12,3,9,14,24
IA8486053,3,45,27,4,6,4,29
IA8584000,2,45,6,3,1,2,36
ID5240009,9,45,517,14,15,7,19
ID5340017,2,45,142,3,7,16,29
ID5420058,2,45,115,4,15,7,19
IL0290250,5,45,400,11,10,2,24
IL0310450,4,45,7,5,14,33,21
IL0311860,3,45,208,5,10,2,24
IL0312520,6,45,10,10,15,3,20
IL0312730,6,45,225,9,12,9,18
IL0312760,6,45,171,9,5,2,30
IL0312880,8,45,7,1281,12,3,22
IL0314180,8,45,847,14,10,3,24
IL0314740,2,45,58,6,10,3,24
IL0315350,4,45,332,11,14,4,19
IL0970840,4,45,182,6,10,11,24
IL1430200,7,45,82,12,11,3,24
IL1630850,9,45,14,10,1,2,35
IL1970450,6,45,98,11,13,7,18
IN5201002,2,45,6,3,1,2,36
IN5221001,2,45,10,719,12,4,21
IN5245015,9,45,217,19,15,7,18
IN5247004,4,45,141,7,10,3,24
IN5254005,9,45,233,16,15,5,18
IN5257008,2,45,136,3,6,2,31
IN5279015,7,45,54,7,15,13,19
IN5287001,4,45,9,11,5,3,31
IN5287004,8,45,194,15,15,5,19
KS2004503,4,45,394,11,13,4,19
KS2010312,4,45,318,10,8,4,24
KS2010313,2,45,10,11,0,3,36
KY0310114,2,45,483,8,10,4,23
KY0540936,2,45,77,3,2,4,34
KY0960126,3,45,4,3,1,6,36
KY1130422,3,45,17,4,2,3,34
KY1150415,2,45,6,3,1,2,36
KY1180468,5,45,125,6,8,5,29
LA1015040,6,45,244,14,8,3,25
LA1023011,6,45,239,18,8,3,25
LA1041006,7,45,325,19,8,3,25
LA1053013,6,45,254,18,8,3,25
LA1073046,7,45,267,20,8,3,25
LA1101011,7,45,243,10,11,3,24
MA2002000,10,45,16,10,11,5,25
MA2151001,10,45,150,24,15,4,18
MA2153000,7,45,510,13,14,3,19
MA2316000,5,45,158,11,13,3,19
MA3254000,14,45,409,34,14,9,19
MA3274000,8,45,352,12,10,13,23
MA3342000,9,45,426,14,10,13,22
MA3344000,8,45,426,13,10,13,23
MA4219000,4,45,566,12,12,5,19
MD0010005,11,45,16,12,1,2,35
MD0010009,11,45,16,12,1,2,35
MD0060012,5,45,153,8,14,7,19
MD0100025,5,45,5,5,11,5,26
MD0170001,6,45,336,16,14,5,18
MI0001740,6,45,81,11,13,6,19
MI0003760,12,45,313,21,13,8,18
MI0003780,7,45,80,15,14,4,22
MI0004090,4,45,29,6,7,17,27
MI0005440,12,45,60,13,11,12,18
MI0007220,2,45,22,3,11,5,23
MN1020013,6,45,293,4,16,8,19
MN1020016,3,45,57,6,13,5,21
MN1700007,8,45,12,9,1,2,36
MO1010177,3,45,178,4,7,3,30
MO1024111,3,45,249,8,11,4,23
MO4010656,3,45,223,8,9,4,24
MO5010576,3,45,220,7,9,4,24
MO6024211,3,45,243,8,10,4,23
MO6024213,3,45,232,5,10,4,23
MO6024300,3,45,213,5,10,4,23
MS0240084,5,45,1181,12,9,3,25
MS0250021,3,45,7,4,1,2,36
MS0450007,7,45,11,8,1,2,36
MS0610013,2,45,7,3,2,3,34
MS0770003,6,45,10,7,1,2,36
MT0000153,12,45,232,8,14,13,19
NC0114030,3,45,14,8,10,4,25
NC0188010,5,45,50,38,8,6,25
NC0190413,16,45,21,17,1,2,35
NC0416028,5,45,61,15,10,4,25
NC5026027,8,45,12,9,1,2,36
ND0901483,8,45,12,9,1,2,36
ND1801056,2,45,29,3,3,3,32
NE3112703,2,45,6,3,1,2,36
NE3115303,3,45,152,7,9,4,24
NJ0232001,15,45,20,16,1,2,35
NJ0610001,2,45,39,6,15,6,19
NJ0712001,13,45,396,22,15,9,18
NJ0808001,9,45,38,10,9,15,25
NJ1340001,10,45,172,25,11,6,20
NJ1424001,9,45,3217,21,14,7,19
NJ1525001,4,45,377,10,14,4,20
NJ2108001,2,45,10,484,3,3,31
NV0000011,4,45,9,6,8,8,26
NV0000255,4,45,617,11,10,7,23
NY1600012,4,45,8,5,1,3,36
NY2602371,6,45,31,16,10,6,26
NY2704518,9,45,71,10,14,16,17
NY2902822,5,45,23,827,3,3,31
NY3503531,6,45,38,8,16,5,19
NY3503554,6,45,4,7,5,3,31
NY4100041,19,45,24,20,1,2,35
NY5001212,8,45,14,14,14,4,20
NY5103705,5,45,15,688,3,3,31
NY5404416,14,45,50,14,12,4,25
NY5821130,6,45,36,9,15,4,19
NY5903425,6,45,155,131,8,3,25
OH1801003,3,45,101,11,14,4,19
OH2000212,3,45,173,7,15,3,19
OH2201411,6,45,259,7,14,6,19
OH3102212,4,45,264,8,10,6,23
OH3600614,4,45,3,5,5,4,31
OH5701212,4,45,11,272,4,3,30
OH7803203,6,45,12,874,13,7,20
OK1221637,4,45,224,1157,8,3,25
OK3004001,4,45,330,14,10,4,24
OK3006112,3,45,131,834,8,3,25
OK3007223,6,45,10,7,1,2,36
OR4100246,2,45,52,5,12,3,23
OR4100566,4,45,44,16,13,4,20
OR4100798,7,45,69,47,13,3,19
OR4100914,3,45,112,3,15,4,19
OR4100957,2,45,24,7,7,5,27
PA1090128,4,45,417,1037,8,3,26
PA3060052,2,45,7,3,4,4,30
PA4490023,8,45,85,15,13,6,20
PA5300005,6,45,10,7,1,2,36
PA6420019,7,45,67,12,13,6,20
PA7360113,4,45,567,8,14,4,19
PA7360143,12,45,16,12,1,3,35
SC2410001,5,45,223,22700,9,5,23
SC3220003,2,45,11,369,8,3,26
SC3320001,4,45,253,9,10,4,24
SC3910003,3,45,5,4,10,4,25
SC4320001,10,45,316,14,10,2,23
SC4610002,16,45,664,20,14,11,17
SD4600304,4,45,6,7,10,3,27
TN0000037,2,45,187,4,15,6,19
TN0000073,6,45,6,5945,0,3,36
TN0000349,10,45,439,14,7,68,25
TN0000511,3,45,324,6,14,4,20
TN0000569,2,45,6,3,1,2,36
TN0000813,2,45,233,5,14,3,20
TX0030016,4,45,8,5,1,2,36
TX0200645,2,45,431,8,14,4,19
TX0310002,5,45,218,12,10,3,19
TX0610080,2,45,12,18,5,3,31
TX0710018,4,45,8,5,1,2,36
TX0790324,2,45,369,8,9,4,24
TX0840002,2,45,7,17,8,3,26
TX1010062,3,45,13,1245,8,4,25
TX1010159,5,45,260,211,12,3,19
TX1010539,3,45,7,4,1,3,36
TX1010554,4,45,677,12,9,3,24
TX1011256,5,45,171,11,10,3,24
TX1013178,3,45,11,6,3,9,31
TX1020002,4,45,44,17,3,3,32
TX1050002,7,45,175,10,11,2,25
TX1080006,10,45,595,18,14,3,18
TX1080010,2,45,213,14,6,3,30
TX1630010,18,45,399,20,11,19,22
TX1840079,3,45,191,11,13,3,19
TX1940002,4,45,26,11,12,9,21
TX2200060,5,45,11,6,1,3,36
TX2270001,2,45,14,483,7,3,26
TX2270012,2,45,8,2,1,3,36
UTAH26086,5,45,401,10,4,14,24
VA2165525,4,45,26,9,12,13,21
VA2171850,2,45,17,9,7,25,27
VA3095490,5,45,867,32,8,6,25
VA5031150,7,45,11,8,1,2,36
VA5143396,4,45,200,8,14,4,19
VA6137500,7,45,396,15,10,3,24
WA5300710,5,45,198,10,14,3,20
WA5339800,4,45,133,7,13,9,19
WA5340900,12,45,126,17,14,6,18
WA5356820,2,45,85,4,4,3,31
WA5375560,5,45,22,7,12,3,22
WA5385050,2,45,393,7,14,3,19
WA5391450,1,45,110,6,10,3,24
WA5393353,3,45,35,2,8,5,25
WI2410556,12,45,1348,24,14,4,18
WI4200476,8,45,261,19,10,4,26
WI4430495,6,45,223,15,10,3,26
WI4450409,14,45,35,18,14,29,20
WI6090462,5,45,27,8,8,6,25
WI6320306,5,45,357,18,9,4,27
WV3302502,4,45,263,7,14,5,20
WV3303516,2,45,430,5,9,3,24
WV3305411,2,45,161,6,10,2,25
WY5600011,10,45,581,16,15,4,18
WY5600042,6,45,207,10,15,4,20
